{
  "type": "extendedcrafting:shaped_table",
  "pattern": [
    "    A    ",
    "   BCB   ",
    " BBDEDBB ",
    "AFGHIJKLA",
    " BBMNOBB ",
    "  DBBBD  ",
    " BQDDDRB ",
    "BSB   BTB",
    "AA     AA"
  ],
  "key": {
    "A": {
      "item": "allthemodium:unobtainium_block"
    },
    "B": {
      "item": "allthemodium:allthemodium_block"
    },
    "C": {
      "items": "extendedcrafting:singularity",
      "components": {
        "extendedcrafting:singularity_id": "extendedcrafting:iron"
      },
      "type": "neoforge:components"
    },
    "D": {
      "item": "allthemodium:vibranium_block"
    },
    "E": {
      "item": "extendedcrafting:ultimate_singularity"
    },
    "F": {
      "items": "extendedcrafting:singularity",
      "components": {
        "extendedcrafting:singularity_id": "extendedcrafting:gold"
      },
      "type": "neoforge:components"
    },
    "G": {
      "item": "allthetweaks:philosophers_fuel"
    },
    "H": {
      "item": "allthetweaks:withers_compass"
    },
    "I": {
      "item": "allthetweaks:pulsating_black_hole"
    },
    "J": {
      "item": "allthetweaks:oblivion_shard"
    },
    "K": {
      "item": "allthetweaks:nexium_emitter"
    },
    "L": {
      "items": "extendedcrafting:singularity",
      "components": {
        "extendedcrafting:singularity_id": "extendedcrafting:lapis_lazuli"
      },
      "type": "neoforge:components"
    },
    "M": {
      "item": "allthetweaks:dragon_soul"
    },
    "N": {
      "items": "extendedcrafting:singularity",
      "components": {
        "extendedcrafting:singularity_id": "extendedcrafting:glowstone"
      },
      "type": "neoforge:components"
    },
    "O": {
      "item": "allthetweaks:improbable_probability_device"
    },
    "Q": {
      "items": "extendedcrafting:singularity",
      "components": {
        "extendedcrafting:singularity_id": "extendedcrafting:emerald"
      },
      "type": "neoforge:components"
    },
    "R": {
      "items": "extendedcrafting:singularity",
      "components": {
        "extendedcrafting:singularity_id": "extendedcrafting:diamond"
      },
      "type": "neoforge:components"
    },
    "S": {
      "items": "extendedcrafting:singularity",
      "components": {
        "extendedcrafting:singularity_id": "extendedcrafting:copper"
      },
      "type": "neoforge:components"
    },
    "T": {
      "items": "extendedcrafting:singularity",
      "components": {
        "extendedcrafting:singularity_id": "extendedcrafting:redstone"
      },
      "type": "neoforge:components"
    }
  },
  "result": {
    "id": "allthetweaks:atm_star"
  }
}
