{
  "type": "extendedcrafting:shaped_ender_crafter",
  "pattern": ["ABC", "DEF", "GBH"],
  "key": {
    "A": {
      "item": "geore:quartz_shard"
    },
    "B": {
      "item": "geore:uraninite_shard"
    },
    "C": {
      "item": "geore:diamond_shard"
    },
    "D": {
      "item": "geore:emerald_shard"
    },
    "E": {
      "item": "extendedcrafting:crystaltine_ingot"
    },
    "F": {
      "item": "geore:uranium_shard"
    },
    "G": {
      "item": "geore:iron_shard"
    },
    "H": {
      "item": "geore:gold_shard"
    }
  },
  "result": {
    "id": "allthemodium:vibranium_ingot"
  }
}
