{
  "ambientocclusion": false,
  "textures": {
    "particle": "kubejs:block/drive/red_sand_cell",
    "cell": "kubejs:block/drive/red_sand_cell"
  },
  "elements": [
    {
      "name": "Cell Backdrop",
      "from": [0, 0, 0],
      "to": [6, 2, 2],
      "rotation": { "angle": 0, "axis": "y", "origin": [9, 8, 8] },
      "faces": {
        "north": { "uv": [0, 0, 6, 2], "texture": "#cell", "cullface": "north" },
        "up": { "uv": [6, 0, 0, 2], "texture": "#cell", "cullface": "north" },
        "down": { "uv": [6, 0, 0, 2], "texture": "#cell", "cullface": "north" }
      }
    }
  ]
}
