{
  "values": {
    "generatorgalore:ender_generator": {
      "neoforge:conditions": [
        {
          "type": "generatorgalore:generator_exists",
          "generator": "generatorgalore:ender"
        }
      ],
      "fuels": [
        {
          "burnTime": 1600,
          "consumptionRate": 1.0,
          "generationRate": 192,
          "item": {
            "item": "minecraft:ender_pearl"
          }
        },
        {
          "burnTime": 3200,
          "consumptionRate": 1.0,
          "generationRate": 160,
          "item": {
            "item": "minecraft:ender_eye"
          }
        }
      ]
    },
    "generatorgalore:halitosis_generator": {
      "neoforge:conditions": [
        {
          "type": "generatorgalore:generator_exists",
          "generator": "generatorgalore:halitosis"
        }
      ],
      "fuels": [
        {
          "burnTime": 12000,
          "consumptionRate": 1.0,
          "generationRate": 256,
          "item": {
            "item": "minecraft:dragon_breath"
          }
        }
      ]
    }
  }
}
