{
  "type": "silentgear:simple",
  "parent": "silentgear:empty",
  "crafting": {
    "can_salvage": true,
    "categories": ["metal", "endgame"],
    "gear_type_blacklist": [],
    "ingredient": {
      "item": "kubejs:silent_unobtainium_plate"
    },
    "part_substitutes": {}
  },
  "display": {
    "color": "#FFD152E3",
    "main_texture_type": "HIGH_CONTRAST",
    "name": {
      "translate": "material.silentgear.unobtainium"
    }
  },
  "properties": {
    "silentgear:main": {
      "durability": 9500.0,
      "enchantment_value": 175.0,
      "attack_damage": 35.0,
      "attack_speed": 18.2,
      "armor": 90.0,
      "armor/helmet": 20.0,
      "armor/chestplate": 25.0,
      "armor/leggings": 25.0,
      "armor/boots": 20.0,
      "armor_durability": 120.0,
      "armor_toughness": 90.0,
      "magic_armor": 600.0,
      "ranged_damage": 0.0,
      "rarity": 99.0,
      "harvest_speed": 18.0,
      "harvest_tier": {
        "incorrect_blocks_for_tool": "c:incorrect_for_unobtainium_tool",
        "level_hint": "7",
        "name": "unobtainium"
      },
      "traits": [
        {
          "trait": "silentgear:malleable",
          "level": 5
        },
        {
          "trait": "silentgear:crushing",
          "level": 5
        },
        {
          "trait": "silentgear:advanced_aquatic",
          "level": 1,
          "conditions": [
            {
              "type": "silentgear:gear_type",
              "gear_type": "silentgear:helmet"
            }
          ]
        },
        {
          "trait": "silentgear:brilliant",
          "level": 1,
          "conditions": [
            {
              "type": "silentgear:gear_type",
              "gear_type": "silentgear:armor"
            }
          ]
        },
        {
          "trait": "silentgear:advanced_flame_ward",
          "level": 1,
          "conditions": [
            {
              "type": "silentgear:gear_type",
              "gear_type": "silentgear:chestplate"
            }
          ]
        },
        {
          "trait": "silentgear:cure_wither",
          "level": 1,
          "conditions": [
            {
              "type": "silentgear:gear_type",
              "gear_type": "silentgear:leggings"
            }
          ]
        },
        {
          "trait": "silentgear:cure_nausea",
          "level": 1,
          "conditions": [
            {
              "type": "silentgear:gear_type",
              "gear_type": "silentgear:leggings"
            }
          ]
        },
        {
          "trait": "silentgear:cure_levitation",
          "level": 1,
          "conditions": [
            {
              "type": "silentgear:gear_type",
              "gear_type": "silentgear:leggings"
            }
          ]
        }
      ]
    },
    "silentgear:rod": {
      "durability": {
        "operation": "MULTIPLY_TOTAL",
        "value": 1.5
      },
      "enchantment_value": {
        "operation": "ADD",
        "value": 13.0
      },
      "rarity": 90.0,
      "traits": [
        {
          "trait": "silentgear:hard",
          "level": 7,
          "conditions": [
            {
              "type": "silentgear:material_ratio",
              "ratio": 0.5
            }
          ]
        }
      ]
    },
    "silentgear:tip": {
      "durability": {
        "operation": "ADD",
        "value": 16.0
      },
      "armor_durability": {
        "operation": "ADD",
        "value": 10.0
      },
      "harvest_tier": {
        "incorrect_blocks_for_tool": "allthemodium:incorrect_for_unobtainium_tool",
        "level_hint": "7",
        "name": "unobtainium"
      },
      "harvest_speed": {
        "operation": "ADD",
        "value": 6.0
      },
      "magic_damage": {
        "operation": "ADD",
        "value": 2.0
      },
      "rarity": {
        "operation": "ADD",
        "value": 60.0
      },
      "traits": [
        {
          "trait": "silentgear:malleable",
          "level": 5,
          "conditions": []
        },
        {
          "trait": "silentgear:hard",
          "level": 5,
          "conditions": []
        }
      ]
    }
  }
}
