{
  "type": "minecraft:crafting_shaped",
  "category": "misc",
  "key": {
    "E": {
      "item": "compactmachines:enlarging_module"
    },
    "P": {
      "tag": "c:gems/diamond"
    },
    "S": {
      "item": "compactmachines:shrinking_module"
    },
    "W": {
      "item": "compactmachines:wall"
    }
  },
  "pattern": ["WWW", "EPS", "WWW"],
  "result": {
    "components": {
      "compactmachines:machine_color": "#211B2E",
      "compactmachines:room_template": "compactmachines:large"
    },
    "count": 1,
    "id": "compactmachines:new_machine"
  }
}
