{
  "type": "productivelib:ingredient_modifier",
  "conditions": [
    {
      "condition": "minecraft:entity_properties",
      "entity": "this",
      "predicate": {
        "type": "draconicevolution:draconic_guardian"
      }
    },
    {
      "condition": "productivelib:killed_by_uuid",
      "uuid": [1946194541, 268914259, -2012236738, 1743961897]
    }
  ],
  "chance": 0.05,
  "addition": [
    {
      "item": "draconicevolution:dragon_heart"
    },
    {
      "item": "draconicevolution:small_chaos_frag"
    },
    {
      "item": "draconicevolution:awakened_draconium_nugget"
    },
    {
      "item": "draconicevolution:draconium_nugget"
    }
  ]
}
