{
  "type": "productivelib:ingredient_modifier",
  "conditions": [
    {
      "condition": "neoforge:loot_table_id",
      "loot_table_id": "minecraft:entities/ender_dragon"
    },
    {
      "condition": "productivelib:killed_by_uuid",
      "uuid": [-1083598183, -1233373732, -1742734489, -32989763]
    }
  ],
  "chance": 0.15,
  "addition": [
    {
      "item": "mysticalagriculture:cognizant_dust"
    },
    {
      "item": "minecraft:dragon_egg"
    },
    {
      "item": "minecraft:dragon_head"
    },
    {
      "item": "minecraft:dragon_breath"
    },
    {
      "item": "mysticalagradditions:dragon_scale"
    }
  ]
}
