{
  "type": "productivelib:ingredient_modifier",
  "conditions": [
    {
      "condition": "minecraft:entity_properties",
      "entity": "this",
      "predicate": {
        "type": "ars_nouveau:entities/wilden_boss"
      }
    },
    {
      "condition": "productivelib:killed_by_uuid",
      "uuid": [1946194541, 268914259, -2012236738, 1743961897]
    }
  ],
  "chance": 0.05,
  "addition": [
    {
      "item": "ars_nouveau:wilden_tribute"
    },
    {
      "item": "ars_nouveau:wilden_horn"
    },
    {
      "item": "ars_nouveau:wilden_spike"
    },
    {
      "item": "ars_nouveau:wilden_wing"
    }
  ]
}
