{
  "mod_priorities": [
    "minecraft",
    "alltheores",
    "allthemodium",
    "kubejs",
    "mekanism",
    "bigreactors",
    "modern_industrialization",
    "occultism",
    "industrialforegoing",
    "ae2",
    "enderio",
    "utilitarian",
    "actuallyadditions",
    "oritech"
  ],
  "priority_overrides": {},
  "stone_variants": ["stone", "andesite", "deepslate", "diorite", "granite", "nether", "end", "ancient"],
  "tags": [
    "c:tiny_dusts/{material}",
    "c:dusts/{material}",
    "c:gears/{material}",
    "c:gems/{material}",
    "c:ingots/{material}",
    "c:nuggets/{material}",
    "c:ores/{material}",
    "c:plates/{material}",
    "c:raw_materials/{material}",
    "c:rods/{material}",
    "c:storage_blocks/raw_{material}",
    "c:storage_blocks/{material}",
    "c:wires/{material}",
    "c:clumps/{material}",
    "c:crystals/{material}",
    "c:dirty_dusts/{material}",
    "c:shards/{material}",
    "c:silicon",
    "productivebees:flowers/plastic",
    "atm10:tiny_coals",
    "atm10:tiny_charcoals"
  ],
  "ignored_tags": [],
  "ignored_items": ["pneumaticcraft:plastic", "oritech:biosteel_ingot", "oritech:plastic_sheet"],
  "ignored_recipe_types": ["cucumber:shaped_tag"],
  "ignored_recipe_ids": [
    "create:crushing/compat/silentgems/deepslate_peridot_ore",
    "create:crushing/compat/silentgems/deepslate_ruby_ore",
    "create:crushing/compat/silentgems/deepslate_sapphire_ore",
    "create:crushing/compat/silentgems/peridot_ore",
    "create:crushing/compat/silentgems/ruby_ore",
    "create:crushing/compat/silentgems/sapphire_ore"
  ],
  "recipe_viewer_hiding": true,
  "loot_unification": false,
  "ignored_loot_tables": []
}
